met_names,R2,slope_Lnpval,ciL_slope_Lnpval,ciU_slope_Lnpval,intercept_Lnpval,ciL_intercept_Lnpval,ciU_intercept_Lnpval,pv-b,pvalb_beta,pvMaxSize,pvMaxSize_corrected
M1,0.9903718220345314,-1.290550862323055,-1.3802091197306081,-1.200892604915502,-0.8108706114618836,-0.8478829330399509,-0.7738582898838162,1.0222114518325454e-11,7.363951064891014e-05,0.10666955720498199,0.6290607427367007
M2,0.7772438797149678,0.4436169654837453,0.2762820512801931,0.6109518796872975,-1.27640431555025,-1.3454827678291856,-1.2073258632713144,0.9999251759025136,0.8886808622689668,0.3770406762622063,0.7187351108299909
M3,0.9942422353412308,0.7431318517144758,0.703285461973408,0.7829782414555436,-1.0569995599377784,-1.0734487686717546,-1.0405503512038021,0.9999999999992195,0.9999897428734048,0.7876280188942819,0.9087902947583163
M4,0.9917247625041747,0.5260658093595749,0.49220658674772966,0.5599250319714202,-1.001814366977057,-1.01579198010416,-0.9878367538499541,0.9999999999952084,0.9999625362673743,0.5763272512187075,0.7943868407202881
M5,0.9187898522344972,-0.7284457805088892,-0.8810394577535333,-0.5758521032642451,-0.9471833104630966,-1.010176351107257,-0.8841902698189361,4.5015563056832775e-07,0.9999992169690236,0.14059960855884387,0.6593636815173368
M6,0.9941707261023199,0.6824856687675023,0.6456632313144914,0.7193081062205131,-1.0207274213126087,-1.035928295562305,-1.0055265470629124,0.9999999999991698,0.9999999642857903,0.739023503135245,0.8894442161627727
M7,0.9887326235856075,0.7623288168856666,0.7049889661674023,0.8196686676039309,-1.068705749470634,-1.0923765306723663,-1.0450349682689017,0.9999999999775491,0.9643574723571802,0.8134082013715578,0.9087902947583163
M8,0.9829343783473798,0.723271594022312,0.6561221448685853,0.7904210431760387,-1.07919812298441,-1.1069184588210783,-1.0514777871477419,0.9999999998206124,0.999292557051712,0.9807758354299986,0.9954142807349239
M10,0.23836468634839003,-0.04695116274855837,-0.10608569718718393,0.012183371690067182,-0.9258623810380538,-0.9502740355615481,-0.9014507265145596,0.05365626092391441,0.9999997053149159,0.2920333077865376,0.6706352662895824
M11,0.9094382953398841,0.2725670824778681,0.21196307648438908,0.33317108847134713,-1.0293635936738919,-1.0543818688847684,-1.0043453184630153,0.9999992204155312,0.9997637261399767,0.42422850314305227,0.7201452164053405
M12,0.9160113699824223,0.1987792788875392,0.15636879977551602,0.2411897579995624,-0.9466739048314469,-0.9641816094931468,-0.9291662001697469,0.9999994667198432,0.9999999127924338,0.4023324708746133,0.7187351108299909
M13,0.9359662139018193,0.2057348362365552,0.16781865494370826,0.24365101752940213,-1.0002663517756933,-1.0159187404747507,-0.9846139630766361,0.9999998638432868,0.9997859991225205,0.37570578192963155,0.7187351108299909
M14,0.9895994797616259,0.5831066615204524,0.5409866911555188,0.6252266318853861,-1.0140476891023558,-1.031435467239947,-0.9966599109647644,0.9999999999849604,0.9999664305132291,0.6440457878656524,0.8186002537357825
M15,0.9935876959114707,0.8184307590915498,0.7721044023725393,0.8647571158105604,-1.0515742578785259,-1.0706984976530078,-1.032450018104044,0.9999999999986624,0.9999130683028563,0.9881514868820729,0.9954711275256438
M16,0.7243469796405038,-0.49317082391011047,-0.707532763590687,-0.278808884229534,-1.4039334557163539,-1.492425394718588,-1.3154415167141198,0.00022333326749810452,0.000898269680500113,0.16500565913216844,0.6706352662895824
M18,0.9994989145658617,-7.228151466505654,-7.3421854306828225,-7.114117502328486,-0.8935204303376686,-0.9405954223683705,-0.8464454383069667,3.887945563485966e-18,9.00005852545501e-06,0.00036651752665600306,0.009992090045215877
M19,0.9729052196740351,0.4643781113450175,0.40977447787014887,0.5189817448198861,-1.062075085911937,-1.0846163141260434,-1.0395338576978306,0.9999999981825587,0.9953249763517593,0.5202263402150258,0.7690302420569946
M20,0.9435351756600371,-1.3631145869871553,-1.598069515650963,-1.1281596583233475,-1.287147834509008,-1.3841408792937946,-1.1901547897242213,7.234984553714613e-08,1.2531462757518547e-08,0.11101071930647659,0.6290607427367007
M23,0.9820065596881289,0.7720535418323788,0.6984176450136369,0.8456894386511208,-1.0495550014556894,-1.0799530436611702,-1.0191569592502085,0.9999999997661575,0.9995933836929981,0.8930376730130665,0.9271230803799774
M24,0.9964988568305846,-3.3424466098666703,-3.4820427027472944,-3.202850516986046,-1.1153728882481568,-1.173000324137895,-1.0577454523584187,6.48267813214105e-14,3.9076560746461726e-07,0.015058268110776724,0.21632337796222398
M25,0.9898058867493084,0.43407098157669716,0.4030323392940061,0.4651096238593882,-1.0066737555350564,-1.0194869892820775,-0.9938605217880354,0.9999999999863959,0.9999982265592537,0.515243208851665,0.7690302420569946
M26,0.0025741564674441886,-0.00484875430062881,-0.07209921547342531,0.062401706872167687,-0.9792202553793642,-1.0069822905468153,-0.9514582202119131,0.43778453276005574,0.8773092430954194,0.3333955542150481,0.677290359993952
M27,0.6089353297787019,0.7402888245869135,0.3222831765215561,1.1582944726522708,-1.5084594648502625,-1.6810186904586346,-1.3359002392418904,0.9986260700038261,0.0016082053023355378,0.7803756193862849,0.9087902947583163
M29,0.9878944975066912,0.5650755010546042,0.521001258459534,0.6091497436496744,-1.1034291898747355,-1.1216237219502727,-1.0852346577991983,0.9999999999678495,0.9999792227297312,0.6160523493334835,0.7979344715176548
M30,0.9736992352016773,0.7643647135029014,0.6758501655690369,0.8528792614367658,-1.105502267507712,-1.1420424480465037,-1.0689620869689203,0.9999999984342334,0.9997751133223655,0.8299982489064115,0.9087902947583163
M31,0.6568472465731594,-0.0967472986365695,-0.14601844321649282,-0.04747615405664617,-0.9445452445996007,-0.9648851385529482,-0.9242053506462531,0.0006939879363018228,0.9970742541305526,0.28745103245698295,0.6706352662895824
M32,0.9965263404632023,-2.4876857465675832,-2.5911730338488916,-2.384198459286275,-0.7845281507715458,-0.8272493107276946,-0.741806990815397,6.232128044253734e-14,1.5276568003094684e-05,0.037118385517631594,0.3365400286931931
M33,0.9912804657498135,0.554229535515466,0.517604311683171,0.5908547593477611,-1.0039109077800017,-1.0190303691831786,-0.9887914463768248,0.9999999999937752,0.9999880032380412,0.5982006804863895,0.7943868407202881
M34,0.9948881468269043,-1.6546493665489694,-1.7382193442145912,-1.5710793888833476,-0.8457072735587334,-0.8802062586725277,-0.8112082884449392,4.304171087917822e-13,0.00019198300298755577,0.07567204569643864,0.5717443452619808
M35,0.9637678932759722,0.6380309314781523,0.5508654463777137,0.7251964165785908,-1.1102758045460495,-1.1462590709883202,-1.0742925381037787,0.9999999921980988,0.008737787255843742,0.5721457410104676,0.7943868407202881
M36,0.9318663715073543,0.30644836857816693,0.2480630701413007,0.36483366701503317,-0.9984882185050472,-1.022590576766972,-0.9743858602431223,0.9999998139678864,0.4318460805245559,0.47925633837364223,0.7537264094362467
M37,0.618719501821151,-0.14584354318318105,-0.22651220485764567,-0.06517488150871642,-0.8932682161988887,-0.9265694929970264,-0.8599669394007511,0.0012029917151664307,0.999941949634,0.2840590600097204,0.6706352662895824
M38,0.9920724039441188,-1.1402296791067545,-1.212047738270326,-1.068411619943183,-0.9996824295510924,-1.0293300401308052,-0.9700348189713797,3.865606692699901e-12,1.0831509223733717e-08,0.12159232882593253,0.6311275958279913
M39,0.9884013792159932,0.3982698757053307,0.3678710915741596,0.42866865983650176,-0.9956711009444502,-1.0082201913057622,-0.9831220105831382,0.9999999999740455,0.9999943172360505,0.5557377310825439,0.7943868407202881
M40,0.9982548040401611,0.7138933957889035,0.6928615683021097,0.7349252232756974,-1.017803997320298,-1.0264862624548652,-1.0091217321857306,0.999999999999998,0.9999796026692136,0.7862393980532671,0.9087902947583163
M41,0.9744061062755952,0.8218452656651433,0.7279960836114816,0.9156944477188049,-1.148629713631248,-1.1873721140129454,-1.1098873132495506,0.999999998634046,0.9635256935685401,0.8066628350050203,0.9087902947583163
M42,0.7643039384012341,-0.17808110596516058,-0.24776031461747516,-0.10840189731284598,-0.9799834992223717,-1.0087481590821055,-0.951218839362638,9.990420632974429e-05,0.9999818429582935,0.26176271916910876,0.6706352662895824
M43,0.9905645595686362,0.7819910642043789,0.7282156532960928,0.835766475112665,-1.0470107667378827,-1.0692100918093348,-1.0248114416664307,0.9999999999907616,0.9996126040097371,0.997545200042549,0.997545200042549
M44,0.9680840474287329,0.3819251078360124,0.3330634908480479,0.4307867248239769,-1.0166838883883185,-1.0368547229893326,-0.9965130537873044,0.9999999958698419,0.9999463514338823,0.48216321780112836,0.7537264094362467
M45,0.9975169746975956,-3.2456429706678604,-3.359739759370225,-3.1315461819654957,-1.0305053717969117,-1.0776062987676491,-0.9834044448261744,1.1625887548155885e-14,1.3260256100968021e-08,0.01632999015445256,0.21632337796222398
M46,0.19485796257828925,0.04121869448266824,-0.01781686130529927,0.10025425027063575,-0.9286720686511564,-0.9530428632499383,-0.9043012740523745,0.9245820342269442,0.9999875164347451,0.3323001875247127,0.677290359993952
M47,0.95290185374517,0.458657866007002,0.38681081969659853,0.5305049123174055,-1.0058336843779836,-1.0354932613022494,-0.9761741074537177,0.9999999709067776,0.999826614656548,0.5122637677278394,0.7690302420569946
M48,0.8792548649276611,0.1941490774593142,0.14345525802625808,0.24484289689237032,-0.9840594112174168,-1.0049866074526481,-0.9631322149821854,0.9999966695369022,0.9999622432477402,0.4108379725894734,0.7187351108299909
M49,0.995524583380815,0.7079757339594954,0.674529181074909,0.7414222868440818,-1.022759789532167,-1.0365670461846688,-1.0089525328796651,0.9999999999997787,0.9999567996794478,0.7665099611720457,0.9087902947583163
M50,0.4058426249441053,0.05530750906677939,0.008155710016189366,0.10245930811736942,-0.9247240309206198,-0.9441890261135537,-0.905259035727686,0.9870583180763483,0.9999896780325075,0.3241380026861582,0.677290359993952
M51,0.9209152288095118,-0.41339747800656634,-0.49875595903584924,-0.32803899697728345,-0.8974205928814805,-0.9326578999697737,-0.8621832857931873,3.938782851566112e-07,0.9999790543091522,0.2176406134227081,0.6706352662895824
M52,0.9843521918277057,-0.9820015452039844,-1.069239589906823,-0.894763500501146,-0.8714384989315934,-0.9074517191050123,-0.8354252787581745,1.1619545878592087e-10,0.003023310618131269,0.1355945915389437,0.6586023017605838
M53,0.8587126899779323,-0.31775778990054204,-0.40857456907086,-0.2269410107302241,-0.9121655927215704,-0.9496561700819661,-0.8746750153611746,7.376818144643508e-06,0.9997534263589996,0.23153440247911003,0.6706352662895824
M55,0.82429174619734,0.14736414763826333,0.09942506780518273,0.19530322747134393,-1.0054804993766846,-1.025270496307733,-0.9856905024456362,0.9999776877427339,0.9997086808782891,0.40196246499014987,0.7187351108299909
M56,0.9984949235196274,0.8151372867910651,0.7928385960199248,0.8374359775622054,-1.0594630638778015,-1.0686683098579872,-1.0502578178976159,0.9999999999999991,0.9999983676041829,0.837713601958129,0.9087902947583163
M57,0.8797158437396727,-0.4333631523166006,-0.5462718087171314,-0.3204544959160697,-0.9815662660872875,-1.028176713585143,-0.934955818589432,3.266670558457417e-06,0.9999986921226101,0.19241476127401205,0.6706352662895824
M58,0.7987318077345509,0.31365711651594863,0.20271805689350497,0.4245961761383923,-1.0563325240445458,-1.1021298913929811,-1.0105351566961105,0.9999554348154713,0.28260828897508095,0.586627381799332,0.7943868407202881
M59,0.9434447128244551,0.2604979707058983,0.21555880821302437,0.30543713319877225,-0.9677654508093521,-0.9863170352559972,-0.9492138663627069,0.9999999270658413,0.9999911141436132,0.4383421039940989,0.7201452164053405
M60,0.461740615590819,-0.10702568584924987,-0.18844492458671042,-0.025606447111789346,-0.9727477922523362,-1.0063589189229563,-0.9391366655817162,0.007534669357037184,0.9997900339291201,0.26033972461727317,0.6706352662895824
M61,0.8846673695752489,-0.29831794678447165,-0.37421199640724545,-0.22242389716169786,-0.9080342253345787,-0.9393644680999624,-0.8767039825691949,2.6413480585828426e-06,0.9906331308226591,0.24969886782245318,0.6706352662895824
M62,0.9780097491628171,-0.43354865386766017,-0.47935478301515544,-0.3877425247201649,-1.0029932085127162,-1.021902690263482,-0.9840837267619506,6.38615274747795e-10,3.35060699820345e-05,0.22364993304796713,0.6706352662895824
M63,0.0192845763789401,-0.014648421138193757,-0.08825209968001074,0.05895525740362323,-0.9374251880098494,-0.9678099300100762,-0.9070404460096226,0.33344421730308327,0.9999918184446833,0.2956558655300222,0.6706352662895824
M64,0.9968440385388435,0.7210350168564846,0.6924491842846587,0.7496208494283105,-1.0128544801472852,-1.0246551559390955,-1.0010538043554749,0.9999999999999614,0.9999704372661524,0.7954123335100394,0.9087902947583163
M65,0.9986975452663773,-2.1912416908676056,-2.2469983651852625,-2.1354850165499486,-0.8596093818483279,-0.8826266032358455,-0.8365921604608103,4.614446353938956e-16,7.019880179634701e-09,0.04947127438219116,0.42050583224862487
M66,0.9552809211776715,0.6005994770907481,0.50903899438915,0.6921599597923462,-1.03347980270763,-1.0712773924398293,-0.9956822129754306,0.9999999775721015,0.9997406934503293,0.9232956724590584,0.951274329200242
M67,0.9937608605052303,0.6441628365344486,0.6081995543293998,0.6801261187394975,-1.05393090008359,-1.0687771016991916,-1.0390846984679882,0.9999999999988336,0.9999901912889555,0.6354480170230591,0.8152917954258116
M68,0.9838895743188812,0.533383317179186,0.48529251647778066,0.5814741178805913,-1.0020003893851626,-1.021853019047773,-0.982147759722552,0.999999999865556,0.9998712531815469,0.5846139723591963,0.7943868407202881
M69,0.9991066327849394,-4.70178310839013,-4.800846667512574,-4.602719549267685,-0.9500443012596438,-0.9909392775052887,-0.9091493250139989,7.004584270323684e-17,1.517699418757907e-07,0.004081837887135923,0.0693912440813107
M70,0.9862851486857561,0.6091789363882351,0.5585636807321269,0.6597941920443432,-1.0273139591589628,-1.0482087230465125,-1.0064191952714132,0.9999999999399487,0.9998470673292971,0.6581193033143024,0.8287428263957882
M71,0.8968037358344563,0.24856962328396004,0.18915770308832133,0.3079815434795987,-0.9602954247300883,-0.9848215884035104,-0.9357692610566662,0.9999984935413891,0.9999826025923599,0.41929168210935697,0.7201452164053405
M72,0.9995033729612103,-9.312854009362658,-9.459121595692796,-9.16658642303252,-0.9630245655627847,-1.0234060975960262,-0.9026430335295432,3.7180247835547614e-18,6.1136651109731226e-06,4.57217808996773e-05,0.006218162202356112
M73,0.993639275134784,-1.6579597134750332,-1.7514260360025689,-1.5644933909474976,-0.9007802077418227,-0.9393645577630744,-0.862195857720571,1.2845702084629496e-12,0.00012584506582556115,0.07529901506780125,0.5717443452619808
M74,0.954670503062948,0.5665640176371307,0.47957690046947,0.6535511348047914,-1.0532140613660634,-1.08912369475458,-1.017304427977547,0.9999999759926735,0.9071781382762427,0.6701918726181229,0.8362027034501349
M75,0.9944383604516819,-1.341571860770335,-1.4122636016408783,-1.2708801198997919,-0.8878013613197606,-0.9169840102097616,-0.8586187124297596,6.562867471275629e-13,0.00020826999706113891,0.09713120288092705,0.6004474359911854
M76,0.43634585249042157,-0.06426426654171802,-0.11572817122743076,-0.012800361856005284,-1.027402140732112,-1.0486472401235947,-1.006157041340629,0.009686479032943313,0.9804690388821731,0.2797326176071662,0.6706352662895824
M77,0.6298741832342757,-0.10834540026043782,-0.16686488790432194,-0.049825912616553704,-0.9301169627921416,-0.9542747164434714,-0.9059592091408118,0.0010298444354922625,0.9706427107253739,0.3028862027936767,0.6719170971476158
M78,0.9591661746392433,0.6249579741385908,0.5341014388631153,0.7158145094140662,-1.0534549453400581,-1.090961934638309,-1.0159479560418072,0.9999999857867159,0.9993420575812487,0.8485380377422922,0.9087902947583163
M80,0.9909029760149826,-1.1135145547029945,-1.1886893498025388,-1.0383397596034503,-0.8702892341434065,-0.9013225574673468,-0.8392559108194663,7.695201408506293e-12,0.051265099410052216,0.12529739034820414,0.6311275958279913
M81,0.9703223832238483,-0.5410810139215374,-0.6077557082066276,-0.4744063196364472,-0.9054287016442905,-0.9329530512954493,-0.8779043519931317,2.868511189081638e-09,0.0002472477197118851,0.22178738077166266,0.6706352662895824
M83,0.002267346214461452,0.02111701487517681,-0.2910039567934134,0.333237986543767,-1.1696832507558272,-1.2985316369356317,-1.0408348645760228,0.5584140444014596,0.0006606034473974417,0.8890029423649017,0.9271230803799774
M84,0.9957942141179098,0.8292188567318456,0.7912480170508749,0.8671896964128163,-1.0613150877663338,-1.0769900402971748,-1.0456401352354927,0.9999999999998378,0.9995594397808347,0.9382251999411706,0.9593881743759338
M85,0.8218748994094975,0.17677644222719302,0.11879001601327116,0.23476286844111488,-0.9651266334491164,-0.9890643310605776,-0.9411889358376553,0.9999760819612332,0.9999978602129586,0.37888270852342687,0.7187351108299909
M86,0.9751557911252491,-0.7634271879586692,-0.8492861151630209,-0.6775682607543174,-0.8714366985399168,-0.9068805975841517,-0.8359927994956818,1.1769050348027676e-09,0.9997585259809497,0.16308374260642847,0.6706352662895824
M87,0.9517902603153776,0.4827511462929059,0.4061981259365388,0.559304166649273,-1.031775314161966,-1.0633775902838696,-1.0001730380400626,0.999999967291808,0.9971538428615615,0.6151660992018562,0.7979344715176548
M88,0.4414329622694777,-0.0934593129236051,-0.16753404809804454,-0.01938457774916566,-0.9435173372279132,-0.9740965387243675,-0.9129381357314589,0.009218145451102463,0.9977884324712872,0.30631514722906017,0.6719170971476158
M89,0.9890348780869035,-5.5407733036254765,-5.951841201320627,-5.129705405930326,-1.1965644051893682,-1.3662596196608383,-1.0268691907178982,1.959438480972269e-11,4.8471891341002435e-06,0.0028605278114782772,0.05557596890872082
M90,0.9313154620866453,-0.3457670940732336,-0.41192884579272043,-0.27960534235374673,-0.9304676309803522,-0.9577802299714141,-0.9031550319892904,1.937230227712715e-07,0.2797256152536559,0.2386582474755119,0.6706352662895824
M91,0.9848338087479949,0.39690459902251984,0.36220014852934473,0.43160904951569495,-1.0385390665536116,-1.0528656028814893,-1.0242125302257339,0.999999999900639,0.9999959992769349,0.4928773143443582,0.7607273343863927
M92,0.28539300643588017,0.0630603976186388,-0.007248602876870888,0.1333693981141485,-0.9656974546676398,-0.9947221023846171,-0.9366728069506625,0.9632096090221784,0.9998937015919552,0.3336651038205499,0.677290359993952
M93,0.9637268841902478,-0.6430267729301671,-0.7309263430400623,-0.5551272028202718,-0.8760215095477365,-0.91230781768657,-0.839735201408903,7.846292387169119e-09,0.9947490814067579,0.1801546413643547,0.6706352662895824
M94,0.9995683498472313,-8.511959659431973,-8.636592217667959,-8.387327101195988,-0.875165676394609,-0.9266159327113118,-0.8237154200779061,1.8442008064141656e-18,7.610237812740947e-06,0.00010799456253742794,0.007343630252545101
M96,0.6140986873505199,-0.19103973249566508,-0.297744788033927,-0.08433467695740318,-0.9277472170109046,-0.971796721694396,-0.8836977123274131,0.0012813954265408112,0.9998937402984607,0.2636075168031052,0.6706352662895824
M97,0.8603893366921654,0.36442025682948687,0.2609878699380318,0.46785264372094193,-1.0906542947258144,-1.1333527909481056,-1.0479557985035233,0.999993056147512,0.999478576063433,0.35829359004041617,0.7165871800808323
M98,0.8106738161673126,-0.2751984553919369,-0.3689051267146298,-0.1814917840692439,-0.9577128465531993,-0.9963964162911229,-0.9190292768152758,3.2626293181961634e-05,0.9987933520666904,0.2388668310229442,0.6706352662895824
M99,0.9278180260974348,-0.2936212554612404,-0.35132615866729155,-0.23591635225518925,-1.0109791160491226,-1.0348005965892262,-0.9871576355090191,2.487163465926679e-07,0.0027360807765575905,0.2495128240522821,0.6706352662895824
M100,0.9816577231327808,0.4852845629374421,0.43854492903124714,0.5320241968436371,-1.0334996151877578,-1.0527944622057357,-1.01420476816978,0.999999999742556,0.9991309598670821,0.5429241699784739,0.7938849554699371
M101,0.6576161858312242,0.3902104198550781,0.19182421033871042,0.5885966293714457,-1.1285205870560553,-1.2104174964494234,-1.0466236776626872,0.9993140672797264,0.004889330858216666,0.7086100184470493,0.8604550223999885
M102,0.9957263431282527,-1.49672385040574,-1.5658136220450065,-1.4276340787664736,-0.9752063598621026,-1.0037276909654254,-0.9466850287587798,1.757290748858875e-13,9.362875669686667e-05,0.08621363835485067,0.5973374852876093
M103,0.9991676729092981,-6.983316423492855,-7.125330632888503,-6.841302214097207,-1.1573264219024109,-1.2159520938571273,-1.0987007499476944,4.916900380481947e-17,7.381469854617735e-08,0.0003673562516623484,0.009992090045215877
M104,0.9775046141896342,-0.9054793748436808,-1.002264391414883,-0.8086943582724786,-0.9012725418645336,-0.9412269003458544,-0.8613181833832129,7.155645642853071e-10,0.00010055892467094065,0.14892344396947846,0.6706352662895824
M105,0.9673215171069058,-0.3687174594154441,-0.4164683496910141,-0.3209665691398741,-0.9892011319163848,-1.0089134412744019,-0.9694888225583678,4.649208534584314e-09,0.0028848399175000253,0.23942765933551802,0.6706352662895824
M106,0.9033855643116889,-0.1993494151142623,-0.24528419660741646,-0.15341463362110813,-0.9346065334023544,-0.953569124840136,-0.9156439419645729,1.0802961978269438e-06,0.9953402796811114,0.27833181432174725,0.6706352662895824
M107,0.9945584092011428,0.6485496966831604,0.6147484043364432,0.6823509890298777,-1.0238669236941083,-1.0378206223077684,-1.0099132250804481,0.9999999999994116,0.9999749513269957,0.6807962836201398,0.8395538785028658
M108,0.997893147300083,-2.4626221350136,-2.5423509109790223,-2.3828933590481776,-0.8213336951250931,-0.8542469725005835,-0.7884204177496028,5.112379103654741e-15,4.155257830876903e-05,0.03646483606203696,0.3365400286931931
M109,0.9989172408765792,-3.3214290086845564,-3.3984782554325506,-3.244379761936562,-0.7144254435076562,-0.7462325695933388,-0.6826183174219737,1.83200169696771e-16,9.333132725968694e-05,0.017496743805768118,0.21632337796222398
M110,0.6682130918478031,0.24438484589423448,0.12304913018360734,0.3657205616048616,-1.1806873304945693,-1.230776598997443,-1.1305980619916955,0.9994175111651814,0.19588433605615793,0.4029687174014006,0.7187351108299909
M111,0.44752676769532196,-0.09391094724107107,-0.16743079257950338,-0.020391101902638764,-0.9448068657545547,-0.9751570001060015,-0.914456731403108,0.008682543791501402,0.9997582630336594,0.27212742455161576,0.6706352662895824
M112,0.9674115170034355,-0.46823280978742865,-0.5287850951764358,-0.4076805243984215,-0.9098982027958038,-0.934895126937629,-0.8849012786539786,4.585361245777161e-09,0.8198191714403387,0.21587191976529105,0.6706352662895824
M114,0.7578334773985071,-0.1796141458651066,-0.25115480685845276,-0.10807348487176043,-0.9327002727397311,-0.9622333690451492,-0.903167176434313,0.00011478180625855175,0.9365671785103705,0.28188961811532903,0.6706352662895824
M115,0.9550239785284426,0.3790028003775764,0.3210508508720553,0.43695474988309746,-1.0557141476016532,-1.0796376126922604,-1.0317906825110459,0.9999999769177628,0.9999835954102145,0.41221572532896533,0.7187351108299909
M116,0.9895703154628698,-1.1968471532059264,-1.2834222925820147,-1.110272013829838,-0.834647826978199,-0.8703873895339155,-0.7989082644224824,1.525184464580947e-11,0.007789967725463753,0.11570569437041874,0.6294389773750779
M117,0.9928307347569155,-1.5182206949575696,-1.6091234144896445,-1.4273179754254948,-0.8249475843555106,-0.8624736392323991,-0.7874215294786222,2.337465507489926e-12,8.270143022393e-06,0.08784374783641315,0.5973374852876093
M118,0.9990694375788562,-7.91972993924617,-8.090034995603228,-7.749424882889113,-0.8386304221459605,-0.9089349952496449,-0.7683258490422761,8.589474600299941e-17,1.889736610154742e-05,0.00020816970883745314,0.009437026800631208
M119,0.22470209535035557,0.08870782593984161,-0.0273928988950463,0.20480855077472954,-1.1167275372614298,-1.1646557202005907,-1.068799354322269,0.9402489496750381,8.848310967042229e-05,0.40932028777392804,0.7187351108299909
M120,0.012870807418028374,0.059849403750929286,-0.30945644127120786,0.42915524877306643,-1.431313123917601,-1.583768314235272,-1.2788579335999297,0.6372281241610529,5.259618513317945e-07,0.5631411046668031,0.7943868407202881
M122,0.9617036934105174,0.37054605955072284,0.3184455159721647,0.422646603129281,-0.985062100884215,-1.0065700147014118,-0.9635541870670181,0.9999999896984396,0.9999549421908688,0.473038588751711,0.7537264094362467
M123,0.941108450627407,0.37090470519775853,0.3055297735582395,0.43627963683727755,-1.044273457307341,-1.071261244745447,-1.0172856698692347,0.9999999106128806,0.82856296310302,0.49782891735580115,0.7607273343863927
M124,0.8355014649470938,-0.23094138851261325,-0.3031437552436362,-0.15873902178159033,-0.9428945930963695,-0.9727008518104837,-0.9130883343822552,1.59591800073811e-05,0.9755761795821263,0.2628134092796997,0.6706352662895824
M125,0.8824012807106063,0.45306551950229323,0.33652646396364894,0.5696045750409375,-1.089307532310957,-1.1374166649744832,-1.0411983996474306,0.9999970857016841,0.05456178706909745,0.5971270101546646,0.7943868407202881
M126,0.9971948349752225,0.7823992446846324,0.7531604226767619,0.8116380666925029,-1.0295200123156545,-1.0415902522914318,-1.0174497723398772,0.9999999999999786,0.9999999073359546,0.8486497605463689,0.9087902947583163
M127,0.998913641767281,-3.1550865312567393,-3.2283987028540673,-3.0817743596594114,-0.7694711029836059,-0.7997355063883297,-0.7392066995788821,1.862655606551418e-16,3.043994838956787e-07,0.0211787117304418,0.23546253319908883
M128,0.8393240661893743,-0.15823203157157562,-0.2070126423650639,-0.10945142077808732,-0.9703942652995441,-0.9905316592849757,-0.9502568713141125,1.4162777536501212e-05,0.7007483747875176,0.2958684998336393,0.6706352662895824
M129,0.9603867779149046,0.42025017616951454,0.3601124291402497,0.4803879231987794,-1.0347143106241545,-1.0595401068908585,-1.0098885143574505,0.9999999877942053,0.9998926780593447,0.48159635475004814,0.7537264094362467
M130,0.8256505540243837,-0.25132995828586846,-0.33270639293103355,-0.16995352364070337,-0.9141139613776369,-0.9477074178539581,-0.8805205049013157,2.1448420154912518e-05,0.9997120493193801,0.2539696795315119,0.6706352662895824
M131,0.9652290564050751,0.5443263597546424,0.4715325142959134,0.6171202052133713,-1.019648057071151,-1.0496984873932067,-0.9895976267490952,0.9999999936533863,0.9999994902208635,0.5487146015748094,0.7938849554699371
M132,0.9419067758733394,0.26929636787680655,0.222173520252391,0.3164192155012221,-0.983847705687963,-1.003300749282386,-0.9643946620935399,0.9999999165386836,0.9997960952039974,0.4395003894238475,0.7201452164053405
M133,0.9768371157635071,0.2360359182007754,0.210426153443184,0.2616456829583668,-0.9846704675078333,-0.9952425762700852,-0.9740983587455814,0.9999999991715468,0.9984398825979008,0.4296367983429894,0.7201452164053405
M134,0.9988012767977085,-2.9098502014219565,-2.980878726242958,-2.838821676600955,-0.8492603328491137,-0.8785820113861001,-0.8199386543121273,3.0470682047141396e-16,0.00012671485220178266,0.02250744802638349,0.23546253319908883
M135,0.8184989567136364,-0.3866282495924208,-0.5149104298534675,-0.25834606933137416,-1.1095572209728803,-1.1625140979616302,-1.0566003439841305,2.631602474276431e-05,0.005869329921950728,0.20655989701892538,0.6706352662895824
M137,0.9338080507516785,0.7666282217128747,0.6228143320352995,0.91044211139045,-1.2040961417051597,-1.2634647496398785,-1.1447275337704408,0.9999998391455778,0.01823353545863025,0.8452445672015315,0.9087902947583163
M138,0.9995533333544477,-6.624937521736083,-6.723613812047504,-6.5262612314246615,-0.9785988519482447,-1.0193339576121363,-0.9378637462843531,2.1881094752194106e-18,1.0358578080876128e-05,0.0006333142258282372,0.01435512245210671
M139,0.00365639131931228,-0.02706080866996874,-0.3418075606856214,0.2876859433456839,-1.2162964910886718,-1.3462288401895608,-1.0863641419877827,0.42595743298821975,1.6030183476362332e-05,0.6016312102513947,0.7943868407202881
M140,0.12793983572208156,0.11388011997163272,-0.09560852965618691,0.3233687695994524,-1.098644697737103,-1.185124866894693,-1.012164528579513,0.8731749332531584,0.97617365150066,0.8912307841219659,0.9271230803799774
M141,0.9017946672353457,0.35478995523232826,0.27229502273323253,0.437284887731424,-1.0976424745953068,-1.1316976643625827,-1.063587284828031,0.9999988269333782,0.9999839981430558,0.8273105405288808,0.9087902947583163
M142,0.9829644486583937,-1.2404916389403522,-1.3555571801125745,-1.1254260977681299,-0.9296622925279889,-0.9771631355687088,-0.882161449487269,1.778104562019422e-10,0.2596738027468022,0.09602507274362485,0.6004474359911854
M143,0.9717415451625278,0.7290117367169084,0.6414174880219952,0.8166059854118217,-1.1002705993269795,-1.1364308660422706,-1.0641103326116883,0.9999999977561694,0.9973258606487054,0.7996980674606247,0.9087902947583163
M144,0.9940044783753312,-0.7651112772224749,-0.8069796585558008,-0.7232428958891489,-0.9613143960968242,-0.9785983143735101,-0.9440304778201384,9.556375793370283e-13,0.9987585829213761,0.2411815936982926,0.6706352662895824
M146,0.17672062124628085,-0.2646173522218459,-0.6670475619211484,0.1378128574774567,-1.3154130511471822,-1.4815424938198531,-1.1492836084745113,0.08680592193899306,7.356549946823403e-05,0.8905537532557779,0.9271230803799774
M147,0.8718339671769714,0.17680016172227075,0.12903684383302355,0.22456347961151796,-1.0348396163495932,-1.05455705601961,-1.0151221766795764,0.9999954967356319,0.5306691282620353,0.3879981986015848,0.7187351108299909
M148,0.857480919177643,0.5082122867528596,0.3622261264680424,0.6541984470376767,-1.1893240520147734,-1.2495894070043045,-1.1290586970252423,0.9999922914491067,0.9843491662356357,0.6852241214251331,0.8395538785028658
M149,0.15742254399175926,-0.025481585684776098,-0.06701906670154378,0.016055895331991588,-0.9950302601649837,-1.0121775776501656,-0.9778829426798018,0.10080262470862993,0.9847339011932312,0.3263779773505897,0.677290359993952
